id;title;keywords;description;rating;date_added;date_modified
1;embrace Developer;synthesize Idaho compress;Sleek Metal Table Small;43933;2019-11-07;2019-11-07
2;Dynamic;knowledge base Buckinghamshire;Concrete Investment Account Saint Lucia;20306;2019-11-07;2019-11-06
3;Money Market Account;Salad Web virtual;Refined Squares;21844;2019-11-07;2019-11-07
4;EXE projection Fresh;support Gorgeous;withdrawal;52;2019-11-06;2019-11-07
5;ability Hat Iraq;magenta Concrete;User-centric Gloves;21876;2019-11-07;2019-11-07
6;facilitate Tasty Concrete Chips Exclusive;Buckinghamshire capability zero tolerance;mission-critical;97661;2019-11-07;2019-11-07
7;Home;Investor Public-key;Lebanon;44778;2019-11-06;2019-11-07
8;Credit Card Account;navigate;Re-contextualized;80313;2019-11-07;2019-11-07
9;Orchestrator deliver;Licensed hacking installation;Argentine Peso;85835;2019-11-06;2019-11-07
10;red firewall open-source;deposit Sausages;disintermediate Cambridgeshire hacking;67569;2019-11-07;2019-11-06
